{
  "hash": "41397f2d",
  "configHash": "5791bd49",
  "lockfileHash": "5b826190",
  "browserHash": "16844410",
  "optimized": {
    "@angular/common": {
      "src": "../../../../../../node_modules/@angular/common/fesm2022/common.mjs",
      "file": "@angular_common.js",
      "fileHash": "29dddc6d",
      "needsInterop": false
    },
    "@angular/common/http": {
      "src": "../../../../../../node_modules/@angular/common/fesm2022/http.mjs",
      "file": "@angular_common_http.js",
      "fileHash": "63d08611",
      "needsInterop": false
    },
    "@angular/core": {
      "src": "../../../../../../node_modules/@angular/core/fesm2022/core.mjs",
      "file": "@angular_core.js",
      "fileHash": "53789556",
      "needsInterop": false
    },
    "@angular/forms": {
      "src": "../../../../../../node_modules/@angular/forms/fesm2022/forms.mjs",
      "file": "@angular_forms.js",
      "fileHash": "7a90ecef",
      "needsInterop": false
    },
    "@angular/platform-browser": {
      "src": "../../../../../../node_modules/@angular/platform-browser/fesm2022/platform-browser.mjs",
      "file": "@angular_platform-browser.js",
      "fileHash": "1332d3ec",
      "needsInterop": false
    },
    "@angular/router": {
      "src": "../../../../../../node_modules/@angular/router/fesm2022/router.mjs",
      "file": "@angular_router.js",
      "fileHash": "bd3763e8",
      "needsInterop": false
    }
  },
  "chunks": {
    "chunk-NKNOXCPH": {
      "file": "chunk-NKNOXCPH.js"
    },
    "chunk-KEQJ64QG": {
      "file": "chunk-KEQJ64QG.js"
    },
    "chunk-U3FJ3BT6": {
      "file": "chunk-U3FJ3BT6.js"
    },
    "chunk-TXZMGFPN": {
      "file": "chunk-TXZMGFPN.js"
    }
  }
}